{
    "step": 381,
    "loss": 0.00119630015688017,
    "lr": 0.0002552030432172179,
    "val_loss": 0.0016655160714003998,
    "best_val_loss": 0.0016579779527955136
}