{
    "step": 499,
    "loss": 0.0010893778231445038,
    "lr": 3.9999999999999996e-10,
    "val_loss": 0.001424262372809166,
    "best_loss": 0.09903103113174438
}