{
    "step": 42,
    "loss": -0.9714412868022919,
    "lr": 0.0002162252527710798,
    "val_loss": -1.3054414134914591,
    "best_val_loss": -1.382944966978946
}