{
    "step": 90,
    "loss": 0.025577806774526833,
    "lr": 0.0006740912728467022,
    "val_loss": 0.03425443132044905,
    "beta": 0.9100000000000006,
    "best_val_loss": 0.03408079793897726
}