{
    "step": 499,
    "loss": 0.0019150618394922973,
    "lr": 3.9999999999999996e-10,
    "val_loss": 0.0020540782245080597,
    "beta": 0.1,
    "best_loss": 0.1323382407426834
}