{
    "step": 299,
    "loss": 5468.619862432065,
    "lr": 6.854017216037563e-09
}