{
    "step": 499,
    "loss": 0.0006100092927226797,
    "lr": 4e-09,
    "val_loss": 0.0007488950581873877,
    "beta": 1.0,
    "best_val_loss": 0.0006473090183936943
}