{
    "step": 199,
    "loss": 6526.720257302989,
    "lr": 1.542189107264413e-09
}