{
    "step": 499,
    "loss": 5120.481360394022,
    "lr": 2.4674173352150032e-09
}