{
    "step": 999,
    "loss": -255.7595527462843,
    "lr": 3.9999999999999996e-10,
    "val_loss": -195.68328257415254
}