{
    "step": 199,
    "loss": 5623.108610733696,
    "lr": 1.5421891072644092e-08
}