{
    "step": 829,
    "loss": -248.65446248868616,
    "lr": 1.3860601367603194e-05,
    "val_loss": -198.98846663135592
}