{
    "step": 69,
    "loss": 0.000600379181560129,
    "lr": 0.00046446155611630654,
    "val_loss": 0.0007628655534679606,
    "beta": 0.7000000000000004,
    "best_val_loss": 0.0006402793956004967
}