{
    "step": 199,
    "loss": 5700.726626188859,
    "lr": 1.542189107264413e-09
}