{
    "step": 499,
    "loss": 0.002074917644001352,
    "lr": 3.9999999999999996e-10,
    "val_loss": 0.0022063605282778686,
    "beta": 0.1,
    "best_loss": 0.1475503146648407
}