{
    "step": 299,
    "loss": 5005.206479279891,
    "lr": 6.854017216037563e-09
}