{
    "step": 47,
    "loss": 0.0006564281386090443,
    "lr": 0.00025701911956015023,
    "val_loss": 0.000773451641454535,
    "beta": 0.48000000000000026,
    "best_val_loss": 0.0006785950670808048
}