{
    "step": 6,
    "loss": 434.02241404463604,
    "lr": 4.095351443477748e-05,
    "val_loss": 469.2289724576271
}