{
    "step": 199,
    "loss": 5227.378057065217,
    "lr": 1.5421891072644092e-08
}