{
    "step": 499,
    "loss": 4361.956935716712,
    "lr": 2.4674173352150032e-09
}