{
    "step": 84,
    "loss": 0.02761225327849388,
    "lr": 0.0006155037622750238,
    "val_loss": 0.03641951205366749,
    "beta": 0.8500000000000005,
    "best_val_loss": 0.03439736689551402
}