{
    "step": 199,
    "loss": 6815.591987941576,
    "lr": 1.542189107264413e-09
}