{
    "step": 499,
    "loss": 5245.992803158967,
    "lr": 2.4674173352150032e-09
}