{
    "step": 199,
    "loss": 5703.768193783967,
    "lr": 1.5421891072644092e-08
}