{
    "step": 299,
    "loss": 5503.006602411685,
    "lr": 6.854017216037563e-09
}