{
    "step": 91,
    "loss": 0.025672887545078994,
    "lr": 0.000683641210618949,
    "val_loss": 0.03432089999570685,
    "beta": 0.9200000000000006,
    "best_val_loss": 0.034177170769642974
}