{
    "step": 499,
    "loss": 1.0180098754581266,
    "lr": 3.9999999999999996e-10,
    "val_loss": 26.948718188125962,
    "beta": 0.1,
    "best_loss": 2261.92431640625
}