{
    "step": 223,
    "loss": -66.21085777282715,
    "lr": 0.0008549243680356569,
    "val_loss": 4827.438771186441
}