{
    "step": 21,
    "loss": 1271.1683410644532,
    "lr": 8.628818400354722e-05,
    "val_loss": 2446.791949152542,
    "beta": 0.22000000000000006,
    "best_val_loss": 1621.3577860169491
}