{
    "step": 75,
    "loss": 1248.5703125,
    "lr": 0.0005250601897367581,
    "val_loss": 2319.8331302966103,
    "beta": 0.7600000000000005,
    "best_val_loss": 1498.5520921610168
}