{
    "step": 199,
    "loss": 5088.688603940217,
    "lr": 1.5421891072644092e-08
}