{
    "step": 499,
    "loss": 4355.729948624321,
    "lr": 2.4674173352150032e-09
}