{
    "step": 199,
    "loss": 5728.164359714674,
    "lr": 1.542189107264413e-09
}