{
    "step": 299,
    "loss": 4830.783840013587,
    "lr": 6.854017216037563e-09
}