{
    "step": 499,
    "loss": 0.0009205473499605433,
    "lr": 4e-09,
    "val_loss": 0.0018987875873759641,
    "best_val_loss": 0.0014184492624412148
}