{
    "step": 499,
    "loss": 0.000652974037885077,
    "lr": 3.9999999999999996e-10,
    "val_loss": 0.000891104514166885,
    "best_loss": 0.0638812780380249
}