{
    "step": 162,
    "loss": -0.5822450667619705,
    "lr": 0.0009965998678519896,
    "val_loss": -0.7285817550400556,
    "best_val_loss": -0.798814107603946
}