{
    "step": 186,
    "loss": 0.0010138881159946322,
    "lr": 0.0009726781635075674,
    "val_loss": 0.0014254523535906258,
    "best_val_loss": 0.0014099137257721464
}